published_at,body,location,tags,title,slug,timecode,place
2013-01-01,"Fireworks in Freital, Germany","Freital, Germany",,January 1,01-01,0s,Hotel Leonardo
2013-01-02,"John getting ready to take a run in Altenberg, Germany","Altenberg, Germany",John Daly,January 2,01-02,1s,Altenberg Bobbahn
2013-01-03,John buys a Sexergy energy drink.,"Altenberg, Germany",John Daly,January 3,01-03,2s,Altenberg grocery store
2013-01-04,Preparing our sleds for the race,"Altenberg, Germany",,January 4,01-04,3s,Hotel Sheisenhof
2013-01-05,At the start line on race day,"Altenberg, Germany","Kyle Tress, Tuffy Latour",January 5,01-05,4s,Altenberg Bobbahn
2013-01-06,Driving to Konigssee,"Konigssee, Germany",,January 6,01-06,5s,Car
2013-01-07,"Martin and Raphael dancing, I think.","Konigssee, Germany","Martin Rettl, Raphael Myer",January 7,01-07,6s,Konigssee bobbahn
2013-01-08,Matt and John shooting towards the Eagle’s Nest,"Konigssee, Germany","Matt Antoine, John Daly",January 8,01-08,7s,Lake Konigssee
2013-01-09,"Driving through Berchtesgaden, Germany","Berchtesgaden, Germany",,January 9,01-09,8s,Car
2013-01-10,Hot pepperoni! ,"Konigssee, Germany",Matt Antoine,January 10,01-10,9s,Konigssee store
2013-01-11,Dessert at the Fisher,"Konigssee, Germany",,January 11,01-11,10s,Hotel Alpen Fischer
2013-01-12,The Alps,Switzerland,,January 12,01-12,11s,Car
2013-01-13,Emily almost slips,"St. Moritiz, Switzerland","Matt Antoine, John Daly, Emily Azevedo",January 13,01-13,12s,St. Moritz Olympia Bobbahn
2013-01-14,The Sport Hotel in Igls,"Igls, Austria",,January 14,01-14,13s,Sport Hotel
2013-01-15,Practing the timing in Kreisel,"Igls, Austria","John Daly, Matt Antoine",January 15,01-15,14s,Igls Bobbahn
2013-01-16,Lenny telling Neil the red square joke. ,"Sport Hotel, Igls, Austria",Lenny Kasten,January 16,01-16,15s,Sport Hotel
2013-01-17,Lolo Jones quits bobsled,"Igls, Austria","Lolo Jones, Matt Antoine",January 17,01-17,16s,Igls Bobbahn
2013-01-18,Preparing sleds for the race,"Igls, Austria",Matt Antoine,January 18,01-18,17s,Sport Hotel
2013-01-19,The Austrian Alps,"Igls, Austria",,January 19,01-19,18s,Car
2013-01-20,Spot in the rental car to Winterberg,Germany,Spot,January 20,01-20,19s,Car
2013-01-21,Annie cackles with Michaela,"Winterberg, Germany","Annie O’Shea, Michaela Widmer",January 21,01-21,20s,Winterberg Bobbahn
2013-01-22,The restaurant at the Hotel Winterberg,"Winterberg, Germany",,January 22,01-22,21s,Hotel Winterberg
2013-01-23,The award ceremony in Winterberg,"Winterberg, Germany","David Swift, Dave g, Axel Jung, Alex Gasner, Anton Batuev",January 23,01-23,22s,Winterberg Bobbahn
2013-01-24,The train from Innsbruck,"Innsbruck, Austria",,January 24,01-24,23s,Train Station
2013-01-25,"Flying home to EWR, United 903",Europe,,January 25,01-25,24s,United 903
2013-01-26,Remy and Riley in the backyard,"Ewing, New Jersey","Remington, Riley",January 26,01-26,25s,Home
2013-01-27,Riley closeup,"Ewing, New Jersey",Riley,January 27,01-27,26s,Home
2013-01-28,Remy drinking from a bird fountain,"Ewing, New Jersey",Remington,January 28,01-28,27s,Home
2013-01-29,Dad coming home from work,"Ewing, New Jersey",Dad,January 29,01-29,28s,Home
2013-01-30,Having sliding posters framed,"Ewing, New Jersey",,January 30,01-30,29s,Home
2013-01-31,Mom making breakfast,"Ewing, New Jersey",Mom,January 31,01-31,30s,Home
2013-02-01,Running the dogs,"Ewing, New Jersey","Remington, Riley",February 1,02-01,31s,Home
2013-02-02,"Newark Liberty International to Munich, Germany","Newark, New Jersey",,February 2,02-02,32s,Newark Liberty International Airport
2013-02-03,Munich Holiday Inn Express,"Munich, Germany",,February 3,02-03,33s,Holiday Inn Express
2013-02-04,Flying into Sochi Adler Airport,"Adler, Russia",,February 4,02-04,34s,Hamburg Airways
2013-02-05,First run down the Sochi track dance off,"Krasnaya Polyana, Russia","Noelle Pikus Pace, Katie Uhlaender, Frank Rommel",February 5,02-05,35s,Sanki Sliding Centre
2013-02-06,Martin is shy,"Krasnaya Polyana, Russia","Martin Rettl, Matt Antoine",February 6,02-06,36s,Sanki Sliding Centre
2013-02-07,The Sanki Sliding Centre,"Krasnaya Polyana, Russia",,February 7,02-07,37s,Sanki Sliding Centre
2013-02-08,Happy birthday dear... chef?,"Krasnaya Polyana, Russia","Lenny Kasten, Justin Olsen",February 8,02-08,38s,The Gala Plaza
2013-02-09,Cool Runnings before sliding. How cliché. ,"Krasnaya Polyana, Russia","John Daly, Raphael Myer",February 9,02-09,39s,Sanki Sliding Centre
2013-02-10,Excited to wait around. ,"Krasnaya Polyana, Russia","Janine Flock, Matthias Guggenberger, Matt Antoine",February 10,02-10,40s,Sanki Sliding Centre
2013-02-11,Gangam Style with the Latvians in the party bus. ,"Krasnaya Polyana, Russia","Martins Dukurs, Thomass Dukurs, ",February 11,02-11,41s,Sanki Sliding Centre
2013-02-12,Ivo’s not happy with the conditions. ,"Krasnaya Polyana, Russia",Ivo Ferriani,February 12,02-12,42s,Sanki Sliding Centre
2013-02-13,"Matt’s award ceremony from St. Moritz, the previous year. ","Krasnaya Polyana, Russia","Matt Antoine, Heinz Thoma",February 13,02-13,43s,Sanki Sliding Centre
2013-02-14,Jumping freeze frame in Sochi,"Krasnaya Polyana, Russia","Kyle Tress, John Daly",February 14,02-14,44s,Sanki Sliding Centre
2013-02-15,The WC Overall award ceremony,"Krasnaya Polyana, Russia","Martins Dukurs, Thomass Dukurs",February 15,02-15,45s,Sanki Sliding Centre
2013-02-16,Donna doing.. a magic trick?,"Krasnaya Polyana, Russia","Donna Creighton, Matt Antoine",February 16,02-16,46s,Sanki Sliding Centre
2013-02-17,After party at the Park Inn,"Rosa Khutor, Russia","Skeleton Team, Bobsled Team",February 17,02-17,47s,The Park Inn
2013-02-18,"Charter flight to Munich, Hamburg Air","Adler, Russia",,February 18,02-18,48s,Hamburg Airways
2013-02-19,Dad’s congratulations song,"Ewing, New Jersey",Dad,February 19,02-19,49s,Home
2013-02-20,Framed sliding posters,"Ewing, New Jersey",,February 20,02-20,50s,Home
2013-02-21,Chicken Mcnuggets. ,"Ewing, New Jersey",,February 21,02-21,51s,Home
2013-02-22,Driving home to Lake Placid ,"Lake Placid, New York",,February 22,02-22,52s,Car
2013-02-23,Painting an accent wall,"Lake Placid, New York",Me,February 23,02-23,53s,Apartment
2013-02-24,Morgan reading,"Lake Placid, New York",Morgan Tracey,February 24,02-24,54s,Apartment
2013-02-25,Snowfall in the backyard,"Lake Placid, New York",,February 25,02-25,55s,Apartment
2013-02-26,Working,"Lake Placid, New York",Me,February 26,02-26,56s,Apartment
2013-02-27,The corner store,"Lake Placid, New York",,February 27,02-27,57s,Corner Store
2013-02-28,Movie in bed,"Lake Placid, New York",,February 28,02-28,58s,Apartment
2013-03-01,Korean team dancing to Gangam Style,"Lake Placid, New York",,March 1,03-01,59s,Wise Guys
2013-03-02,Weird air guitar,"Lake Placid, New York","Matt Antoine, Me",March 2,03-02,1m 0s,Apartment
2013-03-03,Debuting the season video,"Lake Placid, New York","Matt Antoine, John Daly, Me",March 3,03-03,1m 1s,The Olympic Training Center
2013-03-04,A small congratulations cake,"Lake Placid, New York",Morgan Tracey,March 4,03-04,1m 2s,Apartment
2013-03-05,Start One in Lake Placid,"Lake Placid, New York",,March 5,03-05,1m 3s,Mt. Van Hoevenberg Track
2013-03-06,Preparing for National Championships,"Lake Placid, New York",Austin McCrary,March 6,03-06,1m 4s,
2013-03-07,Midnight snack (the only day I nearly forget to film a video),"Lake Placid, New York",,March 7,03-07,1m 5s,
2013-03-08,An inappropriate comment at the wrong moment. ,"Lake Placid, New York","Matt Antoine, Me",March 8,03-08,1m 6s,
2013-03-09,"Morgan hiding, having breakfast","Lake Placid, New York",,March 9,03-09,1m 7s,
2013-03-10,"John demonstrates, um, yeah... Sitting in our spot","Lake Placid, New York","Matt Antoine, John Daly, Me",March 10,03-10,1m 8s,
2013-03-11,Lake Placid track,"Lake Placid, New York",,March 11,03-11,1m 9s,
2013-03-12,Cleaning the start,"Lake Placid, New York","Tony Carlino, Mike Delleman, Don Hass",March 12,03-12,1m 10s,
2013-03-13,National Championships medal ceremony,"Lake Placid, New York","Tuffy LaTour, Zach Lund, Brian McDonald, Matt Antoine, John Daly, Kyle Tress",March 13,03-13,1m 11s,
2013-03-14,Playing some Rock Band,"Lake Placid, New York",,March 14,03-14,1m 12s,
2013-03-15,Snowy day,"Lake Placid, New York",,March 15,03-15,1m 13s,
2013-03-16,Morgan washing her car,"Lake Placid, New York",Morgan Tracey,March 16,03-16,1m 14s,
2013-03-17,"Dirty dishes. “Oh, sh..”","Lake Placid, New York",,March 17,03-17,1m 15s,
2013-03-18,Green means go! ,"Lake Placid, New York",,March 18,03-18,1m 16s,
2013-03-19,USA1 testing new equipment,"Lake Placid, New York","Steve Holcomb, Steve Langton, Justin Olsen, Curt Tomasevic",March 19,03-19,1m 17s,
2013-03-20,The start line,"Lake Placid, New York",,March 20,03-20,1m 18s,
2013-03-21,A fast day on the track,"Lake Placid, New York",,March 21,03-21,1m 19s,
2013-03-22,Drinking a Moscow Mule,"Lake Placid, New York",,March 22,03-22,1m 20s,
2013-03-23,Poor Yorrick,"Lake Placid, New York",,March 23,03-23,1m 21s,
2013-03-24,Responsive website redesign,"Lake Placid, New York",,March 24,03-24,1m 22s,
2013-03-25,Scrambled eggs,"Lake Placid, New York",,March 25,03-25,1m 23s,
2013-03-26,Closing day of the season,"Lake Placid, New York",,March 26,03-26,1m 24s,
2013-03-27,Hello Morgan.,"Lake Placid, New York",,March 27,03-27,1m 25s,
2013-03-28,Annie driving us to Plattsburgh. Olsen and eating straight sugar,"Lake Placid, New York","Annie O'Shea, Justin Olsen",March 28,03-28,1m 26s,
2013-03-29,Putting the sled away,"Lake Placid, New York",,March 29,03-29,1m 27s,
2013-03-30,Garbage day. ,"Lake Placid, New York",,March 30,03-30,1m 28s,
2013-03-31,Happy Easter! ,"Lake Placid, New York","Morgan Tracey, Lauren Salter",March 31,03-31,1m 29s,
2013-04-01,Riding the bike to training,"Lake Placid, New York",Kyle Tress,April 1,04-01,1m 30s,
2013-04-02,Cesar tweets at me after seeing my video! ,"Lake Placid, New York",Kyle Tress,April 2,04-02,1m 31s,
2013-04-03,Morgan says it’s good,"Lake Placid, New York",Morgan Tracey,April 3,04-03,1m 32s,
2013-04-04,Getting an adjustment from Dr. Cerrutti.,"Lake Placid, New York","Dr. Cerutti, Kyle Tress",April 4,04-04,1m 33s,
2013-04-05,Morgan is going home,"Lake Placid, New York",Morgan Tracey,April 5,04-05,1m 34s,
2013-04-06,Catching tennis balls from the pitching machine,"Lake Placid, New York",Kyle Tress,April 6,04-06,1m 35s,
2013-04-07,Game of Thrones Season 3 premiere,"Lake Placid, New York",,April 7,04-07,1m 36s,
2013-04-08,Jump shot,"Lake Placid, New York",Kyle Tress,April 8,04-08,1m 37s,
2013-04-09,Ambrose makes a basket. Tips,"Lake Placid, New York","Ambrose Serrano, Brad Deweese, Tom Santagato",April 9,04-09,1m 38s,
2013-04-10,Langdon jumps,"Lake Placid, New York","Steve Langton, Chris Langton",April 10,04-10,1m 39s,
2013-04-11,The Zeo Personal Sleep Coach. ,"Lake Placid, New York",,April 11,04-11,1m 40s,
2013-04-12,Scraping ice off the car on a cold morning,"Lake Placid, New York",Kyle Tress,April 12,04-12,1m 41s,
2013-04-13,Holcomb autographing a picture of Lolo,"Lake Placid, New York",Steve Holcomb,April 13,04-13,1m 42s,
2013-04-14,Watching the Masters,"Lake Placid, New York",,April 14,04-14,1m 43s,
2013-04-15,Bombing at the Boston Marathon,"Lake Placid, New York",,April 15,04-15,1m 44s,
2013-04-16,Hurdle drills for the Gentleman’s Club,"Lake Placid, New York",,April 16,04-16,1m 45s,
2013-04-17,Sprint training for the Gentleman’s Club,"Lake Placid, New York",,April 17,04-17,1m 46s,
2013-04-18,The Prowler. My worst nightmare 4 thursday’s in a row,"Lake Placid, New York","Tom Santagato, Brad Deweese, Chris Langton",April 18,04-18,1m 47s,
2013-04-19,Boston bomber captured,"Lake Placid, New York",,April 19,04-19,1m 48s,
2013-04-20,Light reading,"Lake Placid, New York",,April 20,04-20,1m 49s,
2013-04-21,A Santagato Haircut,"Lake Placid, New York",Tom Santagato,April 21,04-21,1m 50s,
2013-04-22,Driving to the airport,"Lake Placid, New York",,April 22,04-22,1m 51s,
2013-04-23,Morgan arrives early in the morning,"Lake Placid, New York",Morgan Tracey,April 23,04-23,1m 52s,
2013-04-24,Hand in hand,"Lake Placid, New York","Morgan Tracey, Kyle Tress",April 24,04-24,1m 53s,
2013-04-25,Kill me. ,"Lake Placid, New York",Kyle Tress,April 25,04-25,1m 54s,
2013-04-26,A pepperoni pizza for dinner. ,"Lake Placid, New York",,April 26,04-26,1m 55s,
2013-04-27,Morgan starts her own 1SE video. ,"Lake Placid, New York",Morgan Tracey,April 27,04-27,1m 56s,
2013-04-28,High Peaks Gorge,"Lake Placid, New York",,April 28,04-28,1m 57s,
2013-04-29,Chris Langton is explosive. ,"Lake Placid, New York",Chris Langton,April 29,04-29,1m 58s,
2013-04-30,Bear attack? nah just Grastin treatment. ,"Lake Placid, New York","Kyle Tress, John Daly",April 30,04-30,1m 59s,
2013-05-01,"Beef tips (I’m talking about the food, people. Come on!)","Lake Placid, New York","Chris Langton, Steve Langton, Justin Olsen",May 1,05-01,2m 0s,
2013-05-02,MusclePharm supplements. ,"Lake Placid, New York",,May 2,05-02,2m 1s,
2013-05-03,Riding the bike. ,"Lake Placid, New York",,May 3,05-03,2m 2s,
2013-05-04,Memorizing a deck of cards,"Lake Placid, New York",Kyle Tress,May 4,05-04,2m 3s,
2013-05-05,Morgan making dinner,"Lake Placid, New York",Morgan Tracey,May 5,05-05,2m 4s,
2013-05-06,The OTC gym,"Lake Placid, New York",Tom Santagato,May 6,05-06,2m 5s,
2013-05-07,Tom diving into the shot,"Lake Placid, New York",Tom Santagato,May 7,05-07,2m 6s,
2013-05-08,Aerials team on the trampoline,"Lake Placid, New York","Aerials Team, Caleb Pelger",May 8,05-08,2m 7s,
2013-05-09,Tempo and midsection on high visibility yellow day. ,"Lake Placid, New York",Kyle Tress,May 9,05-09,2m 8s,
2013-05-10,Treat day cheat day. ,"Lake Placid, New York",,May 10,05-10,2m 9s,
2013-05-11,Morgan photographing something,"Lake Placid, New York",Morgan Tracey,May 11,05-11,2m 10s,
2013-05-12,Snow in May,"Lake Placid, New York",,May 12,05-12,2m 11s,
2013-05-13,Dr. Langdon. YouTube certified chiropractor. ,"Lake Placid, New York","Chris Langton, John Daly",May 13,05-13,2m 12s,
2013-05-14,Casing the Red Bull truck,"Lake Placid, New York",,May 14,05-14,2m 13s,
2013-05-15,midthigh snatch pulls,"Lake Placid, New York",Kyle Tress,May 15,05-15,2m 14s,
2013-05-16,The OTC cafeteria,"Lake Placid, New York","Ambrose Serrano, Caleb Pelger",May 16,05-16,2m 15s,
2013-05-17,shin splints suck,"Lake Placid, New York",Kyle Tress,May 17,05-17,2m 16s,
2013-05-18,Mirror Lake,"Lake Placid, New York",,May 18,05-18,2m 17s,
2013-05-19,Playing Skyrim,"Lake Placid, New York",,May 19,05-19,2m 18s,
2013-05-20,Tom’s fastball with the PocketRadar,"Lake Placid, New York",Tom Santagato,May 20,05-20,2m 19s,
2013-05-21,A storm is coming,"Lake Placid, New York",,May 21,05-21,2m 20s,
2013-05-22,Jumps,"Lake Placid, New York","Chris Langton, Brad Deweese",May 22,05-22,2m 21s,
2013-05-23,The Walking Dead,"Lake Placid, New York",,May 23,05-23,2m 22s,
2013-05-24,Ballroom dancers,"Lake Placid, New York",,May 24,05-24,2m 23s,
2013-05-25,"snow, snow, 70. ","Lake Placid, New York",,May 25,05-25,2m 24s,
2013-05-26,Star Trek 2 for my birthday,"Lake Placid, New York",,May 26,05-26,2m 25s,
2013-05-27,Whiteface from the OTC,"Lake Placid, New York",,May 27,05-27,2m 26s,
2013-05-28,Spot is helping me with some programming,"Lake Placid, New York",Spot,May 28,05-28,2m 27s,
2013-05-29,Happy Birthday!,"Lake Placid, New York",Morgan Tracey,May 29,05-29,2m 28s,
2013-05-30,Reading George Stephanapolis book,"Lake Placid, New York",,May 30,05-30,2m 29s,
2013-05-31,Tom makes this shot by the way...,"Lake Placid, New York",Tom Santagato,May 31,05-31,2m 30s,
2013-06-01,Blowing out the candles on the first 31 years of my life. ,"Lake Placid, New York",,June 1,06-01,2m 31s,
2013-06-02,The push track complete with trees. ,"Lake Placid, New York",,June 2,06-02,2m 32s,
2013-06-03,iPhone screen repair,"Lake Placid, New York",Kyle Tress,June 3,06-03,2m 33s,
2013-06-04,Annie practicing her Tennis,"Lake Placid, New York",Annie O'Shea,June 4,06-04,2m 34s,
2013-06-05,Air in the tires,"Lake Placid, New York",,June 5,06-05,2m 35s,
2013-06-06,Luge volleyball,"Lake Placid, New York",Luge Team,June 6,06-06,2m 36s,
2013-06-07,Real volleyball. (Women’s Junior Team),"Lake Placid, New York",Junior National Volleyball Team,June 7,06-07,2m 37s,
2013-06-08,Nature of Speed prototypes,"Lake Placid, New York",,June 8,06-08,2m 38s,
2013-06-09,Taco Night. Paralysis by Analysis. ,"Lake Placid, New York",,June 9,06-09,2m 39s,
2013-06-10,Announcing iOS 7,"Lake Placid, New York",,June 10,06-10,2m 40s,
2013-06-11,Game of Thrones Graphic Novels,"Lake Placid, New York",,June 11,06-11,2m 41s,
2013-06-12,Tom getting a little help from Steve,"Lake Placid, New York","Tom Santagato, Steve Langton",June 12,06-12,2m 42s,
2013-06-13,Nap time,"Lake Placid, New York",Morgan Tracey,June 13,06-13,2m 43s,
2013-06-14,How bobsledders add extra weight to workouts,"Lake Placid, New York","Nick Cunnigham, Chris Langton, Brad Deweese, Steve Langton, Katie Eberling",June 14,06-14,2m 44s,
2013-06-15,Happy Birthday Morgan! ,"Lake Placid, New York","Morgan Tracey, Elise Munn",June 15,06-15,2m 45s,
2013-06-16,Knights of the Old Republic... on my iPad?,"Lake Placid, New York",,June 16,06-16,2m 46s,
2013-06-17,Summer training in full swing. ,"Lake Placid, New York","Corey Butner, Tom Santagato, Ambrose Serrano, Caleb Pelger, Brad Deweese",June 17,06-17,2m 47s,
2013-06-18,Spot’s view. ,"Lake Placid, New York",Spot,June 18,06-18,2m 48s,
2013-06-19,A ridiculous box jump,"Lake Placid, New York",Steve Langton,June 19,06-19,2m 49s,
2013-06-20,Pizza and the NBA Finals,"Lake Placid, New York",,June 20,06-20,2m 50s,
2013-06-21,Tom lassos Dallas,"Lake Placid, New York","Tom Santagato, Dallas Robinson, Steve Langton",June 21,06-21,2m 51s,
2013-06-22,The Hobbit,"Lake Placid, New York",,June 22,06-22,2m 52s,
2013-06-23,Evening walk around the lake,"Lake Placid, New York",Morgan Tracey,June 23,06-23,2m 53s,
2013-06-24,Building the MVP of NoS,"Lake Placid, New York",,June 24,06-24,2m 54s,
2013-06-25,Olsen does some rehab,"Lake Placid, New York",Justin Olsen,June 25,06-25,2m 55s,
2013-06-26,I’m going to need all the weights in the weight room. ,"Lake Placid, New York","Tom Santagato, Chris Fogt, Justin Olsen",June 26,06-26,2m 56s,
2013-06-27,Morgan running in place,"Lake Placid, New York",Morgan Tracey,June 27,06-27,2m 57s,
2013-06-28,Bed is made!,"Lake Placid, New York",,June 28,06-28,2m 58s,
2013-06-29,Playing some guitar,"Lake Placid, New York",Kyle Tress,June 29,06-29,2m 59s,
2013-06-30,Working remotely ,"Lake Placid, New York",Morgan Tracey,June 30,06-30,3m 0s,
2013-07-01,Red day sprints. ,"Lake Placid, New York",Kyle Tress,July 1,07-01,3m 1s,
2013-07-02,Trying to reduce our items.,"Lake Placid, New York",,July 2,07-02,3m 2s,
2013-07-03,John on the push track,"Lake Placid, New York","John Daly, Tom Santagato",July 3,07-03,3m 3s,
2013-07-04,Happy 4th of July,"Lake Placid, New York",Kyle Tress,July 4,07-04,3m 4s,
2013-07-05,Twins.. as in Arnold and Devito.,"Lake Placid, New York","John Daly, Mike McCarty",July 5,07-05,3m 5s,
2013-07-06,Asiana Airlines crash in SFO,"Lake Placid, New York",,July 6,07-06,3m 6s,
2013-07-07,Studying cellular automata,"Lake Placid, New York",,July 7,07-07,3m 7s,
2013-07-08,Med ball toss,"Lake Placid, New York",,July 8,07-08,3m 8s,
2013-07-09,Battlestar Galactica,"Lake Placid, New York",,July 9,07-09,3m 9s,
2013-07-10,Short cut on a bike is dangerous,"Lake Placid, New York",,July 10,07-10,3m 10s,
2013-07-11,The Lake Placid Olympic Training Center,"Lake Placid, New York",,July 11,07-11,3m 11s,
2013-07-12,Mind runs,"Lake Placid, New York",Kyle Tress,July 12,07-12,3m 12s,
2013-07-13,Office setup,"Lake Placid, New York",,July 13,07-13,3m 13s,
2013-07-14,Appetizers,"Lake Placid, New York",,July 14,07-14,3m 14s,
2013-07-15,PR power clean (130kg) on Combine day,"Lake Placid, New York",Kyle Tress,July 15,07-15,3m 15s,
2013-07-16,Sharknado ,"Lake Placid, New York",,July 16,07-16,3m 16s,
2013-07-17,Swimming in the lake after sharknado wasn’t a good idea,"Lake Placid, New York",Morgan Tracey,July 17,07-17,3m 17s,
2013-07-18,Orthotics fitting,"Lake Placid, New York",Morgan Tracey,July 18,07-18,3m 18s,
2013-07-19,Incredible wind storm,"Lake Placid, New York",,July 19,07-19,3m 19s,
2013-07-20,New Kind of Science,"Lake Placid, New York",,July 20,07-20,3m 20s,
2013-07-21,Riley closeup,"Ewing, New Jersey",Riley,July 21,07-21,3m 21s,
2013-07-22,Ima Car dude gives us a thumb’s up,,,July 22,07-22,3m 22s,
2013-07-23,Oral surgery at Dr. O,,,July 23,07-23,3m 23s,
2013-07-24,The Boys,,,July 24,07-24,3m 24s,
2013-07-25,Reading ‘Salem’s Lot,,,July 25,07-25,3m 25s,
2013-07-26,Showdown.,,,July 26,07-26,3m 26s,
2013-07-27,More Stephen King on Kindle,,,July 27,07-27,3m 27s,
2013-07-28,Dogs staying cool,,,July 28,07-28,3m 28s,
2013-07-29,Remy having a snooze,,,July 29,07-29,3m 29s,
2013-07-30,Morgan and I at the crazy ice cream store in Albany,"Albany, New York",Morgan Tracey,July 30,07-30,3m 30s,
2013-07-31,Track workout. Resting,,,July 31,07-31,3m 31s,
2013-08-01,Mad men. ,,,August 1,08-01,3m 32s,
2013-08-02,Push track gets surfaced,,,August 2,08-02,3m 33s,
2013-08-03,Entrance to our apartment building,,,August 3,08-03,3m 34s,
2013-08-04,Mirror Lake at magic hour,,,August 4,08-04,3m 35s,
2013-08-05,Team camp 80s miracle on ice jerseys,,,August 5,08-05,3m 36s,
2013-08-06,a beautiful day,,,August 6,08-06,3m 37s,
2013-08-07,Usain Antoine,,Matt Antoine,August 7,08-07,3m 38s,
2013-08-08,Gretchen beats up John a little bit,,"Gretchen Lansing, John Daly",August 8,08-08,3m 39s,
2013-08-09,Normatech pants,,,August 9,08-09,3m 40s,
2013-08-10,speech at the Team Camp,,Darrin Steele,August 10,08-10,3m 41s,
2013-08-11,Learning iOS development with Treehouse,,,August 11,08-11,3m 42s,
2013-08-12,Lazlo busting out some USA pushups,,"John Daly, Laszlo Vanderchek",August 12,08-12,3m 43s,
2013-08-13,Popcorn!,,,August 13,08-13,3m 44s,
2013-08-14,Daly curls barbells while steve curls daly,,"John Daly, Steve Langton, Chris Fogt",August 14,08-14,3m 45s,
2013-08-15,Olsen the Giant miltary presses annie in his Hulkamania shirt,,"Annie O'Shea, Justin Olsen",August 15,08-15,3m 46s,
2013-08-16,Ridiculous contraption would have been cool if it worked. ,,Kyle Tress,August 16,08-16,3m 47s,
2013-08-17,PocketRadar on the push track,,"Kyle Tress, Morgan Tracey",August 17,08-17,3m 48s,
2013-08-18,Morgan is going to leave skeleton for the circus,,Morgan Tracey,August 18,08-18,3m 49s,
2013-08-19,A metal splinter won’t come out. Self surgery,,,August 19,08-19,3m 50s,
2013-08-20,Simply Gourmet,,,August 20,08-20,3m 51s,
2013-08-21,Med ball chase,,Kyle Tress,August 21,08-21,3m 52s,
2013-08-22,More professional splinter removal. Still no good.,,"Peter Tooey, Kyle Tress",August 22,08-22,3m 53s,
2013-08-23,Daly updates the record board. ,,John Daly,August 23,08-23,3m 54s,
2013-08-24,Morgan’s ice bath is a little cold. ,,Morgan Tracey,August 24,08-24,3m 55s,
2013-08-25,Tree-lined hill to the cemetary,,,August 25,08-25,3m 56s,
2013-08-26,Tom benches 110kg for 3x800 no problem. ,,"Tom Santagato, Ambrose Serrano",August 26,08-26,3m 57s,
2013-08-27,Tetanus shot,,,August 27,08-27,3m 58s,
2013-08-28,Luge team gets some new speedsuits,,"Luge Team, Erin Hamlin, Preston Griffal",August 28,08-28,3m 59s,
2013-08-29,The offender finally gets dug out of my finger. ,,,August 29,08-29,4m 0s,
2013-08-30,Designing a rails app,,,August 30,08-30,4m 1s,
2013-08-31,Morgan smiles,,Morgan Tracey,August 31,08-31,4m 2s,
2013-09-01,Building a rails app,,,September 1,09-01,4m 3s,
2013-09-02,Confined to the international weight room,,Bobsled Team,September 2,09-02,4m 4s,
2013-09-03,The Sochi countdown clock makes me nervous,,,September 3,09-03,4m 5s,
2013-09-04,Moscow mules in real glasses (copper),,,September 4,09-04,4m 6s,
2013-09-05,Hard Knocks,,,September 5,09-05,4m 7s,
2013-09-06,Ice tub,,,September 6,09-06,4m 8s,
2013-09-07,College Football,,,September 7,09-07,4m 9s,
2013-09-08,Takeout from the pub,,,September 8,09-08,4m 10s,
2013-09-09,Hot tub is a little cold,,,September 9,09-09,4m 11s,
2013-09-10,Flight to North Carolina,North Carolina,,September 10,09-10,4m 12s,United 
2013-09-11,Sled work,"Mooresville, North Carolina",,September 11,09-11,4m 13s,
2013-09-12,Wind tunnel testing,"Mooresville, North Carolina",Kyle Tress,September 12,09-12,4m 14s,
2013-09-13,Wind tunnel goofing off,"Mooresville, North Carolina","John Daly, Matt Antoine, Zach Lund, Grant Schaffer",September 13,09-13,4m 15s,
2013-09-14,Ugh. Candy Crush. ,"Lake Placid, New York",,September 14,09-14,4m 16s,
2013-09-15,I think morgan fell off the couch. ,"Lake Placid, New York",Morgan Tracey,September 15,09-15,4m 17s,
2013-09-16,Laughing,"Lake Placid, New York",Chris Langton,September 16,09-16,4m 18s,
2013-09-17,"It’s video, Zach. Push Champs","Lake Placid, New York","Zach Lund, Skeleton Team",September 17,09-17,4m 19s,
2013-09-18,iOS 7,"Lake Placid, New York",,September 18,09-18,4m 20s,
2013-09-19,Push training,"Lake Placid, New York",Kyle Tress,September 19,09-19,4m 21s,
2013-09-20,The girls stretching and getting sun after training,"Lake Placid, New York","Ambrose Serrano, Morgan Tracey, Gracie Clapp, Annie O’Shea, Megan Sullivan",September 20,09-20,4m 22s,
2013-09-21,Veronica Day at push champs,"Lake Placid, New York",Veronica Day,September 21,09-21,4m 23s,
2013-09-22,Leaves are changing color!,"Lake Placid, New York",,September 22,09-22,4m 24s,
2013-09-23,Delleman rolls out his quad,"Lake Placid, New York",Mike Delleman,September 23,09-23,4m 25s,
2013-09-24,Blankets. ,"Lake Placid, New York",,September 24,09-24,4m 26s,
2013-09-25,Contrast bath,"Lake Placid, New York",,September 25,09-25,4m 27s,
2013-09-26,iPad,"Lake Placid, New York",,September 26,09-26,4m 28s,
2013-09-27,Dance party in the weight room,"Lake Placid, New York","Andreas Drbal, Sam Culliver, Gracie Clapp",September 27,09-27,4m 29s,
2013-09-28,The Legend of Zelda Wind Waker,"Lake Placid, New York",,September 28,09-28,4m 30s,
2013-09-29,Breaking Bad,"Lake Placid, New York",,September 29,09-29,4m 31s,
2013-09-30,Nic gets pterodactyl -ed by cunningham,"Lake Placid, New York","Nic Taylor, Nick Cunnigham",September 30,09-30,4m 32s,
2013-10-01,At the movies,"Lake Placid, New York",Morgan Tracey,October 1,10-01,4m 33s,
2013-10-02,New kindle paperwhite 2,"Lake Placid, New York",,October 2,10-02,4m 34s,
2013-10-03,Working on sleds,"Lake Placid, New York",,October 3,10-03,4m 35s,
2013-10-04,Lifting platform at the USOTC,"Lake Placid, New York",,October 4,10-04,4m 36s,
2013-10-05,Site update,"Lake Placid, New York",,October 5,10-05,4m 37s,
2013-10-06,Fantasy football,"Lake Placid, New York",,October 6,10-06,4m 38s,
2013-10-07,Curt lifting almost every weight in the weight room,"Lake Placid, New York",Curt Tomasevic,October 7,10-07,4m 39s,
2013-10-08,Driving through Lake Placid,"Lake Placid, New York",,October 8,10-08,4m 40s,
2013-10-09,Making chili,"Lake Placid, New York",,October 9,10-09,4m 41s,
2013-10-10,Watching football with Tom and Matt,"Lake Placid, New York","Tom Santagato, Matt Antoine",October 10,10-10,4m 42s,
2013-10-11,Kate and Erin doing some doubles yoga,"Lake Placid, New York","Erin Hamlin, Kate Hanson",October 11,10-11,4m 43s,
2013-10-12,Coding,"Lake Placid, New York",,October 12,10-12,4m 44s,
2013-10-13,Morgan opening up the sliding season,"Lake Placid, New York","Morgan Tracey, Skeleton Team",October 13,10-13,4m 45s,
2013-10-14,Drilling new holes on my sled,"Lake Placid, New York",,October 14,10-14,4m 46s,
2013-10-15,A cloudy day at the top of the track,"Lake Placid, New York",,October 15,10-15,4m 47s,
2013-10-16,Delleman doing a dance. ,"Lake Placid, New York",Mike Delleman,October 16,10-16,4m 48s,
2013-10-17,Trying out both sleds,"Lake Placid, New York",,October 17,10-17,4m 49s,
2013-10-18,My RallyMe video. ,"Lake Placid, New York",Kyle Tress,October 18,10-18,4m 50s,
2013-10-19,Tom fits into his suit “like a sausage”,"Lake Placid, New York",Tom Santagato,October 19,10-19,4m 51s,
2013-10-20,The Randy Price Memorial Award ceremony,"Lake Placid, New York","Skeleton Team, Don Hass, Brian McDonald, Tuffy Latour, Price Family",October 20,10-20,4m 52s,
2013-10-21,First day race results,"Lake Placid, New York",,October 21,10-21,4m 53s,
2013-10-22,New iPads!,"Lake Placid, New York",,October 22,10-22,4m 54s,
2013-10-23,In-N-Out burger,"Salt Lake City, Utah",,October 23,10-23,4m 55s,In-N-Out Burger
2013-10-24,John being interviewed for NBC’s 1st Look,"Park City, Utah",John Daly,October 24,10-24,4m 56s,Park City Lodging
2013-10-25,The Curve 4 singing along to Jefferson Starship,"Park City, Utah","Curve Four, Kyle Tress, Matt Antoine, John Daly, Tom Santagato",October 25,10-25,4m 57s,Utah Olympic Park
2013-10-26,Getting ready for sliding,"Park City, Utah","John Daly, Matt Antoine",October 26,10-26,4m 58s,
2013-10-27,John’s dance,"Park City, Utah",John Daly,October 27,10-27,4m 59s,
2013-10-28,The start house in Park City,"Park City, Utah",Skeleton Team,October 28,10-28,5m 0s,
2013-10-29,Race night,"Park City, Utah",Annie O'Shea,October 29,10-29,5m 1s,
2013-10-30,Naming the teams,"Park City, Utah",Skeleton Team,October 30,10-30,5m 2s,
2013-10-31,The flight home,"SLC, ORD, ALB",,October 31,10-31,5m 3s,United
2013-11-01,Installing Mavericks,"Lake Placid, New York",,November 1,11-01,5m 4s,
2013-11-02,"Playing acoustic Metallica, “Through the Never”","Lake Placid, New York",,November 2,11-02,5m 5s,
2013-11-03,Writing a book,"Lake Placid, New York",,November 3,11-03,5m 6s,
2013-11-04,Packing,"Lake Placid, New York",,November 4,11-04,5m 7s,
2013-11-05,Turboprop to Washington Dulles,"ALB, IAD, MUC",,November 5,11-05,5m 8s,Plane
2013-11-06,Holiday Inn Express Munich,"Munich, Germany",,November 6,11-06,5m 9s,
2013-11-07,Sochi International Airport’s Olympic Rings,"MUC, AER",,November 7,11-07,5m 10s,Plane
2013-11-08,Russian security bench pressing on a plywood bench,"Krasnaya Polyana, Russia","Zach Lund, Brian McDonald",November 8,11-08,5m 11s,
2013-11-09,The team,"Krasnaya Polyana, Russia","Zach Lund, John Daly, Annie O’Shea",November 9,11-09,5m 12s,
2013-11-10,Krasnaya Polyana,"Krasnaya Polyana, Russia",,November 10,11-10,5m 13s,
2013-11-11,Cutting the start groove in Russia,"Krasnaya Polyana, Russia",,November 11,11-11,5m 14s,
2013-11-12,Matt getting his photo taken in front of the countdown clock,"Sochi, Russia","Matt Antoine, John Daly",November 12,11-12,5m 15s,
2013-11-13,Matt deep in thought at lunch,"Rosa Khutor, Russia",Matt Antoine,November 13,11-13,5m 16s,
2013-11-14,Dave Swift sliding through Curve 7,"Krasnaya Polyana, Russia",David Swift,November 14,11-14,5m 17s,
2013-11-15,Matt making an ice bath,"Rosa Khutor, Russia",Matt Antoine,November 15,11-15,5m 18s,
2013-11-16,The russian supermarket,"Rosa Khutor, Russia",Matt Antoine,November 16,11-16,5m 19s,
2013-11-17,"Matt making it rain. Spaceebo, baby!","Rosa Khutor, Russia",Matt Antoine,November 17,11-17,5m 20s,
2013-11-18,Richard and Cheech fixing a broken saddle weld,"Krasnaya Polyana, Russia","Richard, Cheech",November 18,11-18,5m 21s,
2013-11-19,Donna giving me the international sign for hello. ,"Krasnaya Polyana, Russia","Donna Creighton, John Daly",November 19,11-19,5m 22s,
2013-11-20,Flight to Munich over the Black Sea,"AER, MUC ",,November 20,11-20,5m 23s,
2013-11-21,Flight to Canada from London and a long day,"MUC, LHR, YYC",,November 21,11-21,5m 24s,
2013-11-22,Noelle through the straight and into kresiel,"Calgary, Canada",Noelle Pikus Pace,November 22,11-22,5m 25s,
2013-11-23,Olsen prepares for the push champs,,Justin Olsen,November 23,11-23,5m 26s,
2013-11-24,A canadian slider through Curve 7 ,,,November 24,11-24,5m 27s,
2013-11-25,Hitting the speed bumps at about 60. ,,"Matt Antoine, John Daly",November 25,11-25,5m 28s,
2013-11-26,Beautiful calgary sunset,,,November 26,11-26,5m 29s,
2013-11-27,Coach Zach tests out the old legs and almost falls,,Zach Lund,November 27,11-27,5m 30s,
2013-11-28,Thanksgiving burgers,,"John Daly, Matt Antoine",November 28,11-28,5m 31s,
2013-11-29,The first WC of the season (Cassie on the line),,,November 29,11-29,5m 32s,
2013-11-30,Staring at the Rockies with a German coach,YYC - DEN - SLC,,November 30,11-30,5m 33s,
2013-12-01,Driving a BMW,"Park City, UT",,December 1,12-01,5m 34s,
2013-12-02,Training at the Basin,,,December 2,12-02,5m 35s,
2013-12-03,"Feliz Navidad, Ander!",,Ander Mirabell,December 3,12-03,5m 36s,
2013-12-04,Driving through the canyon,,,December 4,12-04,5m 37s,
2013-12-05,John and I might have trashed the condo,,John Daly,December 5,12-05,5m 38s,
2013-12-06,Matt wins a bronze,,Matt Antoine,December 6,12-06,5m 39s,
2013-12-07,Ice build up on the windshield. Ridiculous,SLC-ORD-ALB,John Daly,December 7,12-07,5m 40s,
2013-12-08,My best Daft Punk impression of Get Lucky,"Lake Placid, NY",Kyle Tress,December 8,12-08,5m 41s,
2013-12-09,Preparing my sled,,,December 9,12-09,5m 42s,
2013-12-10,Casino Night for the Whiteface Lodge Christmas Party,,,December 10,12-10,5m 43s,
2013-12-11,Lenny and Matt get into a wrestling match,,"Lenny Kasten, Matt Antoine",December 11,12-11,5m 44s,
2013-12-12,Morgan’s ‘Go USA’ gloves,,Morgan Tracey,December 12,12-12,5m 45s,
2013-12-13,Matt wins Gold in Lake Placid WC,,Matt Antoine,December 13,12-13,5m 46s,
2013-12-14,A snowy day,,,December 14,12-14,5m 47s,
2013-12-15,Watching the Eagles game on Sunday Ticket,,,December 15,12-15,5m 48s,
2013-12-16,Morgan probably dropped something,,Morgan Tracey,December 16,12-16,5m 49s,
2013-12-17,Snowy drive,,,December 17,12-17,5m 50s,
2013-12-18,Tiffany brought us back some real Thai Red Bull,,Tiffany,December 18,12-18,5m 51s,
2013-12-19,Whiteface Lodge benefit for US Sliders,,"Morgan Tracey, Annie O’Shea",December 19,12-19,5m 52s,
2013-12-20,Riley hanging out. ,,Riley,December 20,12-20,5m 53s,
2013-12-21,Mom putting together a puzzle,,Mom,December 21,12-21,5m 54s,
2013-12-22,Jersey Boys in Philadelphia performing Big Girls Dont’ Cry,"Philadelphia, PA. Forest Theater",,December 22,12-22,5m 55s,
2013-12-23,Making homemade chicken fingers,,Mom,December 23,12-23,5m 56s,
2013-12-24,Christmas Eve Dinner,,"Mom, Dad, Phillip, Remington, Riley",December 24,12-24,5m 57s,
2013-12-25,Damn Dog eating wrapping paper,,Riley,December 25,12-25,5m 58s,
2013-12-26,Playing Castle Ravenloft,,,December 26,12-26,5m 59s,
2013-12-27,Dinner with friends at Siam,"Lambertville, NJ","Matt Wiley, Lauren, Alex Palilonis, Brian Servidio",December 27,12-27,6m 0s,
2013-12-28,Interior of United 767-400,EWR,,December 28,12-28,6m 1s,
2013-12-29,Matt eating lunch at the Hotel Winterberg,,Matt Antoine,December 29,12-29,6m 2s,
2013-12-30,John's bobsled mind run,"Winterberg, Germany","Jazmine Fenlator, Elana Meyers, John Daly",December 30,12-30,6m 3s,
2013-12-31,Toast to 2014,Winterberg,"John Daly, Matt Antoine, Chris Fogt",December 31,12-31,6m 4s,